{"cameraMode":{"drawMode":0,"name":"Shaded","section":"Shading Mode"},"sceneLighting":false,"audioPlay":false,"sceneViewState":{"showFog":true,"showMaterialUpdate":false,"showSkybox":false,"showFlares":true,"showImageEffects":true,"showParticleSystems":true},"in2DMode":false,"pivot":{"x":3.705239772796631,"y":3.0054194927215578,"z":-1.1491717100143433},"rotation":{"x":-0.035240087658166888,"y":0.705624520778656,"z":-0.03516831248998642,"w":-0.7068831324577332},"size":2.5749175548553469,"orthographic":false}