{"cameraMode":{"drawMode":0,"name":"Shaded","section":"Shading Mode"},"sceneLighting":true,"audioPlay":false,"sceneViewState":{"showFog":true,"showMaterialUpdate":false,"showSkybox":true,"showFlares":true,"showImageEffects":true,"showParticleSystems":true},"in2DMode":false,"pivot":{"x":-19.015056610107423,"y":-12.797459602355957,"z":-2.5771234035491945},"rotation":{"x":-0.3409053087234497,"y":0.43794864416122439,"z":-0.1840256303548813,"w":-0.8112701177597046},"size":36.966758728027347,"orthographic":false}