{"cameraMode":{"drawMode":0,"name":"Shaded","section":"Shading Mode"},"sceneLighting":true,"audioPlay":false,"sceneViewState":{"showFog":true,"showMaterialUpdate":false,"showSkybox":true,"showFlares":true,"showImageEffects":true,"showParticleSystems":true},"in2DMode":false,"pivot":{"x":-25.675140380859376,"y":5.750237941741943,"z":-17.123504638671876},"rotation":{"x":0.10774335265159607,"y":-0.6937534809112549,"z":0.10612008720636368,"w":0.7042109370231628},"size":26.307022094726564,"orthographic":false}